,CV_MSE,Test_MSE,R2
LinearRegression,3.009545321659274e+31,4.7104231543545886e+27,-6.141098862185162e+17
RandomForest,955232560.1278948,805387859.6111215,0.8949995296345454
